{
  "title": "Untitled Project (fork)",
  "description": "",
  "head": "<meta charset=\"UTF-8\" />\n<meta name=\"viewport\" content=\"width=device-width, initial-scale=1.0\" />",
  "htmlAttrs": "lang=\"en\" class=\"\"",
  "tags": [],
  "autoupdate": true,
  "autosave": false,
  "autotest": false,
  "delay": 1500,
  "formatOnsave": false,
  "view": "split",
  "mode": "full",
  "theme": "dark",
  "layout": "responsive",
  "recoverUnsaved": true,
  "showSpacing": false,
  "welcome": true,
  "readonly": false,
  "allowLangChange": true,
  "activeEditor": "script",
  "markup": {
    "language": "html",
    "content": ""
  },
  "style": {
    "language": "css",
    "content": ""
  },
  "script": {
    "language": "react-native",
    "content": "import React, { useState, useEffect } from 'react';\n\nfunction App() {\n  // Анимация топора\n  const [axePosition, setAxePosition] = useState(100);\n  const [crackVisible, setCrackVisible] = useState(false);\n\n  useEffect(() => {\n    // Запускаем анимацию при загрузке\n    const interval = setInterval(() => {\n      setAxePosition(prev => prev === 100 ? 150 : 100);\n      setCrackVisible(true);\n      setTimeout(() => setCrackVisible(false), 300);\n    }, 1000);\n\n    return () => clearInterval(interval);\n  }, []);\n\n  // Стили контейнера\n  const containerStyle = {\n    backgroundColor: '#8B4513', // Деревянный фон\n    width: '100vw',\n    height: '100vh',\n    margin: 0,\n    padding: 0,\n    position: 'relative',\n    overflow: 'hidden'\n  };\n\n  // Стили асфальта\n  const asphaltStyle = {\n    position: 'absolute',\n    bottom: 0,\n    width: '100%',\n    height: '60%',\n    backgroundColor: '#333',\n    backgroundImage: 'linear-gradient(90deg, #444 1px, transparent 1px), linear-gradient(#444 1px, transparent 1px)',\n    backgroundSize: '20px 20px',\n  };\n\n  // Стили трещины\n  const crackStyle = {\n    position: 'absolute',\n    bottom: '60%',\n    left: '50%',\n    transform: 'translateX(-50%)',\n    width: '200px',\n    height: '10px',\n    backgroundColor: '#666',\n    borderRadius: '50%',\n    opacity: crackVisible ? 1 : 0,\n    transition: 'opacity 0.3s',\n    boxShadow: '0 0 10px #999',\n  };\n\n  // Стили топора\n  const axeStyle = {\n    position: 'absolute',\n    left: '50%',\n    transform: `translateX(-50%) translateY(${axePosition}px)`,\n    transition: 'transform 0.5s ease-in-out',\n    width: '80px',\n    height: '120px',\n  };\n\n  // Рукоять\n  const handleStyle = {\n    position: 'absolute',\n    width: '20px',\n    height: '80px',\n    backgroundColor: '#5D4037',\n    left: '30px',\n    bottom: '0',\n    borderRadius: '10px',\n  };\n\n  // Лезвие\n  const bladeStyle = {\n    position: 'absolute',\n    width: '60px',\n    height: '40px',\n    backgroundColor: '#607D8B',\n    clipPath: 'polygon(0% 100%, 50% 0%, 100% 100%)',\n    left: '10px',\n    top: '0',\n  };\n\n  return (\n    <div style={containerStyle}>\n      {/* Асфальт */}\n      <div style={asphaltStyle}>\n        <div style={crackStyle}></div>\n      </div>\n\n      {/* Топор */}\n      <div style={axeStyle}>\n        <div style={handleStyle}></div>\n        <div style={bladeStyle}></div>\n      </div>\n    </div>\n  );\n}\n\nexport default App;"
  },
  "stylesheets": [],
  "scripts": [],
  "cssPreset": "",
  "imports": {},
  "types": {},
  "tests": {
    "language": "typescript",
    "content": ""
  },
  "tools": {
    "enabled": "all",
    "active": "",
    "status": ""
  },
  "zoom": 1,
  "processors": [],
  "customSettings": {},
  "useTabs": false,
  "tabSize": 2,
  "lineNumbers": true,
  "wordWrap": false,
  "closeBrackets": true,
  "foldRegions": false,
  "semicolons": true,
  "singleQuote": false,
  "trailingComma": true,
  "emmet": true,
  "enableAI": false,
  "version": "46"
}